Album_url,AoTY,A.V.,AMG,CoS,DIY,DiS,OMH,NME,NoRip,Paste,P4K,PM,PMA,RS,Spin,405,TLOBF,Skinny,TMT,Radar,Artist,Profile_url,Album,ReleaseDate,Label,Genre,Cover,SD
http://albumoftheyear.org/album/23406-a-place-to-bury-strangers-transfixiation.php,64,75,80,43,40,80,60,60,,68,55,50,50,,70,65,75,60,50,60,A Place To Bury Strangers,http://albumoftheyear.org/artist/553-a-place-to-bury-strangers/,Transfixiation,2015-02-17,Dead Oceans,Noise Rock,http://cdn.albumoftheyear.org/album/2015/23406-transfixiation.jpg,12.3294243937969
http://albumoftheyear.org/album/31484-asap-rocky-at-long-last-asap.php,75,75,80,75,60,,,80,,,78,50,50,70,70,80,80,,60,,A$AP Rocky,http://albumoftheyear.org/artist/2003-asap-rocky/,At.Long.Last.A$AP,2015-05-26,ASAP Worldwide / RCA,Hip Hop,http://cdn.albumoftheyear.org/album/2015/31484-at-long-last-asap.jpg,10.8781967639478
http://albumoftheyear.org/album/27645-alabama-shakes-sound-color.php,78,67,80,75,80,70,80,80,,84,81,90,75,70,70,80,75,,,65,Alabama Shakes,http://albumoftheyear.org/artist/2222-alabama-shakes/,Sound & Color,2015-04-21,ATO / Rough Trade,Southern Rock,http://cdn.albumoftheyear.org/album/2014/27645-sound-color.jpg,5.99131315600623
http://albumoftheyear.org/album/23756-badbadnotgood-ghostface-killah-sour-soul.php,72,,70,67,,90,70,,,80,62,60,,,,,60,80,80,75,BADBADNOTGOOD & Ghostface Killah,http://albumoftheyear.org/artist/9717-badbadnotgood-ghostface-killah/,Sour Soul,2015-02-17,Lex,Hip Hop,http://cdn.albumoftheyear.org/album/2015/23756-sour-soul.jpg,9.67940644310947
http://albumoftheyear.org/album/36800-battles-la-di-da-di.php,68,,80,67,80,70,80,60,50,83,75,70,,,70,60,55,60,70,60,Battles,http://albumoftheyear.org/artist/476-battles/,La Di Da Di,2015-09-18,Warp,Experimental Rock,http://cdn.albumoftheyear.org/album/2015/36800-la-di-da-di.jpg,9.66695401871758
http://albumoftheyear.org/album/33751-beach-house-depression-cherry.php,78,91,80,58,60,90,70,50,,77,84,60,75,70,80,85,85,80,,75,Beach House,http://albumoftheyear.org/artist/30-beach-house/,Depression Cherry,2015-08-28,Sub Pop,Dream Pop,http://cdn.albumoftheyear.org/album/2015/33751-depression-cherry.jpg,11.8947591029683
http://albumoftheyear.org/album/21055-belle-sebastian-girls-in-peacetime-want-to-dance.php,74,83,80,58,60,80,80,70,70,68,66,70,75,60,70,85,80,80,70,65,Belle & Sebastian,http://albumoftheyear.org/artist/512-belle-sebastian/,Girls In Peacetime Want To Dance,2015-01-20,Matador,Indie Pop,http://cdn.albumoftheyear.org/album/2015/21055-girls-in-peacetime-want-to-dance.jpg,8.07131952225963
http://albumoftheyear.org/album/28106-best-coast-california-nights.php,71,75,80,67,80,50,,70,50,74,64,70,67,70,80,70,75,,,,Best Coast,http://albumoftheyear.org/artist/1065-best-coast/,California Nights,2015-05-05,Harvest,Indie Pop,http://cdn.albumoftheyear.org/album/2015/28106-california-nights.jpg,9.01087306165908
http://albumoftheyear.org/album/26282-bjork-vulnicura.php,85,83,90,91,80,80,90,80,,86,86,80,91,80,80,100,95,,100,85,Björk,http://albumoftheyear.org/artist/670-bjork/,Vulnicura,2015-01-20,One Little Indian,Art Pop,http://cdn.albumoftheyear.org/album/2015/26282-vulnicura.jpg,6.92714184333243
http://albumoftheyear.org/album/28156-blur-magic-whip.php,77,67,80,58,80,80,80,80,70,81,70,70,83,80,80,,90,60,,65,Blur,http://albumoftheyear.org/artist/570-blur/,The Magic Whip,2015-04-27,Parlophone,Alternative Rock,http://cdn.albumoftheyear.org/album/2015/28156-magic-whip-1.jpg,8.47747881500293
http://albumoftheyear.org/album/28446-brandon-flowers-the-desired-effect.php,69,,80,58,80,80,70,70,,,56,,75,70,70,,80,,,60,Brandon Flowers,http://albumoftheyear.org/artist/1334-brandon-flowers/,The Desired Effect,2015-05-18,Island Vertigo,Synthpop,http://cdn.albumoftheyear.org/album/2015/28446-the-desired-effect.jpg,8.19645156038991
http://albumoftheyear.org/album/34611-carly-rae-jepsen-emotion.php,76,83,80,83,,90,80,70,,,74,60,91,70,70,,75,,,40,Carly Rae Jepsen,http://albumoftheyear.org/artist/2885-carly-rae-jepsen/,E•MO•TION,2015-08-21,Schoolboy Interscope,Dance Pop,http://cdn.albumoftheyear.org/album/2015/34611-emotion.jpg,8.68390789968758
http://albumoftheyear.org/album/32199-chelsea-wolfe-abyss.php,76,67,80,75,,80,80,,70,,81,70,,70,70,85,70,80,90,75,Chelsea Wolfe,http://albumoftheyear.org/artist/2669-chelsea-wolfe/,Abyss,2015-08-07,Sargent House,Gothic Rock,http://cdn.albumoftheyear.org/album/2015/32199-abyss.jpg,6.69185716979617
http://albumoftheyear.org/album/36804-chvrches-every-open-eye.php,79,100,80,50,100,60,80,80,,85,77,70,67,70,70,80,75,80,,80,CHVRCHES,http://albumoftheyear.org/artist/3392-chvrches/,Every Open Eye,2015-09-25,Universal,Synthpop,http://cdn.albumoftheyear.org/album/2015/36804-every-open-eye.jpg,12.3437290580612
http://albumoftheyear.org/album/27039-courtney-barnett-sometimes-i-sit-and-think-and-sometimes-i-just-sit.php,86,91,90,75,100,80,70,80,80,90,86,90,91,90,90,85,90,80,70,65,Courtney Barnett,http://albumoftheyear.org/artist/4800-courtney-barnett/,Sometimes I Sit and Think and Sometimes I Just Sit,2015-03-24,Mom + Pop,Indie Rock,http://cdn.albumoftheyear.org/album/2014/27039-sometimes-i-sit-and-think-and-sometimes-i-just-sit.jpg,7.81361834100869
http://albumoftheyear.org/album/24683-dan-deacon-gliss-riffer.php,75,75,80,91,80,70,80,70,,,72,70,75,60,80,70,75,,60,80,Dan Deacon,http://albumoftheyear.org/artist/75-dan-deacon/,Gliss Riffer,2015-02-24,Domino,Indietronica,http://cdn.albumoftheyear.org/album/2015/24683-gliss-riffer.jpg,7.73277656041692
http://albumoftheyear.org/album/26037-death-cab-for-cutie-kintsugi.php,65,83,70,43,80,70,,,60,70,55,30,58,70,60,70,85,60,,55,Death Cab For Cutie,http://albumoftheyear.org/artist/78-death-cab-for-cutie/,Kintsugi,2015-03-31,Atlantic,Indie Rock,http://cdn.albumoftheyear.org/album/2015/26037-kintsugi.jpg,14.1408097363623
http://albumoftheyear.org/album/39173-deerhunter-fading-frontier.php,82,91,80,83,80,80,70,100,,88,84,60,75,70,90,80,70,80,70,90,Deerhunter,http://albumoftheyear.org/artist/79-deerhunter/,Fading Frontier,2015-10-16,4AD,Indie Rock,http://cdn.albumoftheyear.org/album/2015/39173-fading-frontier.jpg,9.5062758767959
http://albumoftheyear.org/album/30714-desaparecidos-payola.php,74,75,80,83,80,80,,70,70,88,76,70,,,80,,75,60,,55,Desaparecidos,http://albumoftheyear.org/artist/5133-desaparecidos/,Payola,2015-06-23,Epitaph,Indie Rock,http://cdn.albumoftheyear.org/album/2015/30714-payola.jpg,6.94127644466914
http://albumoftheyear.org/album/33501-destroyer-poison-season.php,83,91,90,75,80,90,80,80,80,,76,,100,70,80,,90,100,80,65,Destroyer,http://albumoftheyear.org/artist/83-destroyer/,Poison Season,2015-08-28,Merge Dead Oceans,Chamber Pop,http://cdn.albumoftheyear.org/album/2015/33501-poison-season.jpg,8.59045012402338
http://albumoftheyear.org/album/34437-disclosure-caracal.php,68,91,80,67,60,40,80,80,,,66,70,75,70,70,60,,,,,Disclosure,http://albumoftheyear.org/artist/1906-disclosure/,Caracal,2015-09-25,PMR Island.,House,http://cdn.albumoftheyear.org/album/2015/34437-caracal.jpg,12.071444827351
http://albumoftheyear.org/album/28001-django-django-born-under-saturn.php,73,,80,,80,80,80,70,,82,56,50,58,,,,70,100,,80,Django Django,http://albumoftheyear.org/artist/2240-django-django/,Born Under Saturn,2015-05-05,Ribbon Because,Indietronica,http://cdn.albumoftheyear.org/album/2015/28001-born-under-saturn.jpg,13.7055065244196
http://albumoftheyear.org/album/38228-dr-dre-compton.php,80,83,80,83,,,,70,,68,88,70,75,80,70,80,60,100,60,,Dr. Dre,http://albumoftheyear.org/artist/2716-dr-dre/,Compton: A Soundtrack by Dr. Dre,2015-08-07,Aftermath Interscope,Hip Hop,http://cdn.albumoftheyear.org/album/2015/38228-compton-the-soundtrack.jpg,10.5685967893206
http://albumoftheyear.org/album/32649-ducktails-st-catherine.php,70,,80,67,80,80,,60,,,67,60,67,60,70,75,70,,80,75,Ducktails,http://albumoftheyear.org/artist/832-ducktails/,St. Catherine,2015-07-24,Domino,Indie Pop,http://cdn.albumoftheyear.org/album/2015/32649-st-catherine.jpg,7.59265116071795
http://albumoftheyear.org/album/29520-earl-sweatshirt-i-dont-like-shit-i-dont-go-outside.php,77,83,80,75,,,,60,,,80,80,83,70,80,80,70,,,,Earl Sweatshirt,http://albumoftheyear.org/artist/1465-earl-sweatshirt/,I Don't Like Shit I Don't Go Outside,2015-03-23,Tan Cressida,Hip Hop,http://cdn.albumoftheyear.org/album/2015/29520-i-dont-like-shit-i-dont-go-outside.jpg,6.77562476153239
http://albumoftheyear.org/album/38426-el-vy-return-to-the-moon.php,73,100,70,58,80,80,70,80,,,48,50,,70,,70,80,80,,85,EL VY,http://albumoftheyear.org/artist/16403-el-vy/,Return to the Moon,2015-10-30,4AD,Indie Rock,http://cdn.albumoftheyear.org/album/2015/38426-return-to-the-moon.jpg,13.5218585756788
http://albumoftheyear.org/album/27654-faith-no-more-sol-invictus.php,70,83,80,75,,70,70,80,,83,60,70,,70,40,,65,100,60,,Faith No More,http://albumoftheyear.org/artist/1150-faith-no-more/,Sol Invictus,2015-05-19,Reclamation / Ipecac,Alternative Metal,http://cdn.albumoftheyear.org/album/2015/27654-sol-invictus.jpg,13.4773178057837
http://albumoftheyear.org/album/22669-father-john-misty-i-love-you-honeybear.php,88,91,90,91,80,90,90,90,90,82,88,70,83,80,90,80,95,80,,80,Father John Misty,http://albumoftheyear.org/artist/2236-father-john-misty/,I Love You Honeybear,2015-02-10,Bella Union / Sub Pop,Singer-Songwriter,http://cdn.albumoftheyear.org/album/2015/22669-i-love-you-honeybear.jpg,6.23085302440723
http://albumoftheyear.org/album/30388-ffs-ffs.php,75,83,80,75,60,80,80,70,,,71,80,,70,,,70,80,,75,FFS,http://albumoftheyear.org/artist/12295-ffs/,FFS,2015-06-08,Domino,Art Rock,http://cdn.albumoftheyear.org/album/2015/30388-ffs.jpg,6.48667272774903
http://albumoftheyear.org/album/34129-fidlar-too.php,72,75,60,83,100,60,,80,,65,58,,,,70,50,65,,,,FIDLAR,http://albumoftheyear.org/artist/2608-fidlar/,Too,2015-09-04,Wichita Mom + Pop,Punk Rock,http://cdn.albumoftheyear.org/album/2015/34129-too.jpg,13.45587626506
http://albumoftheyear.org/album/27778-florence-and-the-machine-how-big-how-blue-how-beautiful.php,78,,60,83,80,70,80,80,90,80,76,70,83,70,70,80,85,,,75,Florence + The Machine,http://albumoftheyear.org/artist/528-florence-and-the-machine/,How Big How Blue How Beautiful,2015-06-02,Island / Republic,Art Pop,http://cdn.albumoftheyear.org/album/2015/27778-how-big-how-blue-how-beautiful.jpg,7.46742927653152
http://albumoftheyear.org/album/34604-foals-what-went-down.php,75,,80,58,100,80,90,70,,,67,50,83,80,,80,80,80,,65,Foals,http://albumoftheyear.org/artist/119-foals/,What Went Down,2015-08-28,Warner,Indie Rock,http://cdn.albumoftheyear.org/album/2015/34604-what-went-down.jpg,12.4937346935737
http://albumoftheyear.org/album/36604-future-ds2.php,81,,80,83,,,,,,,84,80,83,70,80,80,90,,90,,Future,http://albumoftheyear.org/artist/2389-future/,DS2,2015-07-17,Freebandz Epic,Hip Hop,http://cdn.albumoftheyear.org/album/2015/36604-ds2.jpg,5.43055329509886
http://albumoftheyear.org/album/31441-giorgio-moroder-deja-vu.php,52,67,60,33,,,60,,,,25,60,,60,60,35,50,,,65,Giorgio Moroder,http://albumoftheyear.org/artist/3369-giorgio-moroder/,Déjà Vu,2015-06-16,NA,Electropop,http://cdn.albumoftheyear.org/album/2015/31441-deja-vu.jpg,13.852469422125
http://albumoftheyear.org/album/36743-girl-band-holding-hands-with-jamie.php,79,,60,75,60,80,60,80,80,94,78,80,,70,80,85,85,80,80,75,Girl Band,http://albumoftheyear.org/artist/7565-girl-band/,Holding Hands with Jamie,2015-09-25,Rough Trade,Post-Punk,http://cdn.albumoftheyear.org/album/2015/36743-holding-hands-with-jamie.jpg,9.36906674993331
http://albumoftheyear.org/album/29181-girlpool-before-the-world-was-big.php,77,,80,75,80,80,70,80,,78,78,70,,70,70,75,90,80,,70,Girlpool,http://albumoftheyear.org/artist/9391-girlpool/,Before The World Was Big,2015-06-02,Wichita,Indie Pop,http://cdn.albumoftheyear.org/album/2015/29181-before-the-world-was-big.jpg,5.47548649719387
http://albumoftheyear.org/album/28445-godspeed-you-black-emperor-asunder-sweet-and-other-distress.php,81,91,70,75,,90,90,80,80,93,76,90,,,80,,60,80,60,80,Godspeed You! Black Emperor,http://albumoftheyear.org/artist/598-godspeed-you-black-emperor/,Asunder Sweet and Other Distress,2015-03-31,Constellation,Post-Rock,http://cdn.albumoftheyear.org/album/2015/28445-asunder-sweet-and-other-distress.jpg,10.457168878448
http://albumoftheyear.org/album/43091-grimes-art-angels.php,85,91,,91,100,80,80,80,,,85,90,100,70,80,85,60,,80,80,Grimes,http://albumoftheyear.org/artist/1463-grimes/,Art Angels,2015-11-06,4AD,Art Pop,http://cdn.albumoftheyear.org/album/43091-art-angels.jpg,10.3523634292575
http://albumoftheyear.org/album/32042-health-death-magic.php,76,91,70,50,80,70,,80,70,,78,70,33,,,,90,60,60,75,HEALTH,http://albumoftheyear.org/artist/607-health/,Death Magic,2015-08-07,Loma Vista,Synthpunk,http://cdn.albumoftheyear.org/album/2015/32042-death-magic.jpg,15.4663761498546
http://albumoftheyear.org/album/29185-holly-herndon-platform.php,80,,80,75,,80,90,80,70,86,87,60,,70,70,75,85,80,70,,Holly Herndon,http://albumoftheyear.org/artist/2685-holly-herndon/,Platform,2015-05-19,RVNG Intl. 4AD,Art Pop,http://cdn.albumoftheyear.org/album/2015/29185-platform.jpg,7.95717705387197
http://albumoftheyear.org/album/27646-hot-chip-why-make-sense.php,76,83,80,75,80,70,80,80,,85,73,70,58,70,70,80,85,,,75,Hot Chip,http://albumoftheyear.org/artist/150-hot-chip/,Why Make Sense?,2015-05-18,Domino,Synthpop,http://cdn.albumoftheyear.org/album/2015/27646-why-make-sense.jpg,7.15978351628036
http://albumoftheyear.org/album/29184-hudson-mohawke-lantern.php,71,,70,75,80,,,,70,,74,70,75,60,70,,75,80,20,,Hudson Mohawke,http://albumoftheyear.org/artist/1020-hudson-mohawke/,Lantern,2015-06-16,Warp,Wonky,http://cdn.albumoftheyear.org/album/2015/29184-lantern.jpg,15.4413696748668
http://albumoftheyear.org/album/30078-jamie-xx-in-colour.php,84,75,80,100,80,90,80,90,90,,93,80,91,80,90,60,90,,,85,Jamie xx,http://albumoftheyear.org/artist/1813-jamie-xx/,In Colour,2015-06-01,Young Turks,UK Bass,http://cdn.albumoftheyear.org/album/2015/30078-in-colour.jpg,9.3021054964275
http://albumoftheyear.org/album/31372-jason-isbell-something-more-than-free.php,79,91,80,83,,,,,,86,58,80,,80,70,,80,,,75,Jason Isbell,http://albumoftheyear.org/artist/641-jason-isbell/,Something More Than Free,2015-07-17,Southeastern,Singer-Songwriter,http://cdn.albumoftheyear.org/album/2015/31372-something-more-than-free.jpg,9.03142661303665
http://albumoftheyear.org/album/28495-jenny-hval-apocalypse-girl.php,80,,80,75,,70,80,70,,,79,80,,70,80,90,90,80,80,80,Jenny Hval,http://albumoftheyear.org/artist/2047-jenny-hval/,Apocalypse girl,2015-06-09,Sacred Bones,Art Pop,http://cdn.albumoftheyear.org/album/2015/28495-apocalypse-girl.jpg,6.24939557516925
http://albumoftheyear.org/album/27655-joanna-gruesome-peanut-butter.php,75,75,80,58,80,90,60,80,60,80,72,70,,70,70,,80,80,,70,Joanna Gruesome,http://albumoftheyear.org/artist/4460-joanna-gruesome/,Peanut Butter,2015-05-11,Slumberland / Fortuna Pop! / Turnstile,Indie Pop,http://cdn.albumoftheyear.org/album/2015/27655-peanut-butter.jpg,8.84307638777366
http://albumoftheyear.org/album/38822-joanna-newsom-divers.php,87,83,80,83,80,100,90,80,90,91,85,80,83,80,80,90,95,100,90,85,Joanna Newsom,http://albumoftheyear.org/artist/496-joanna-newsom/,Divers,2015-10-23,Drag City,Singer-Songwriter,http://cdn.albumoftheyear.org/album/2015/38822-divers.jpg,6.65876724976551
http://albumoftheyear.org/album/25231-joey-badass-b4dass.php,69,75,70,83,80,,,60,,62,70,80,75,60,50,,,,,,Joey Bada$$,http://albumoftheyear.org/artist/2431-joey-badass/,B4.DA.$$,2015-01-20,Cinematic Pro Era‚ Relentless RED,Hip Hop,http://cdn.albumoftheyear.org/album/2014/25231-b4dass.jpg,9.91326017376359
http://albumoftheyear.org/album/22348-jose-gonzalez-vestiges-claws.php,71,83,90,75,60,80,60,80,50,77,66,70,,60,70,60,,,,60,José González,http://albumoftheyear.org/artist/4393-jose-gonzalez/,Vestiges & Claws,2015-02-17,Mute,Singer-Songwriter,http://cdn.albumoftheyear.org/album/2015/22348-vestiges-claws.jpg,10.888176199547
http://albumoftheyear.org/album/36433-julia-holter-have-you-in-my-wilderness.php,88,,90,83,80,80,100,80,,,84,,83,70,,85,85,100,90,90,Julia Holter,http://albumoftheyear.org/artist/2096-julia-holter/,Have You in My Wilderness,2015-09-25,Domino,Art Pop,http://cdn.albumoftheyear.org/album/2015/36433-have-you-in-my-wilderness.jpg,7.91021039994693
http://albumoftheyear.org/album/42470-justin-bieber-purpose.php,63,50,60,33,,,,60,,,62,,58,,70,75,,,50,,Justin Bieber,http://albumoftheyear.org/artist/2438-justin-bieber/,Purpose,2015-11-13,Def Jam,R&B,http://cdn.albumoftheyear.org/album/2015/42470-purpose.jpg,11.7137146589419
http://albumoftheyear.org/album/33025-kacey-musgraves-pageant-material.php,79,83,80,50,,,,,60,94,80,90,83,70,90,,,,,,Kacey Musgraves,http://albumoftheyear.org/artist/3777-kacey-musgraves/,Pageant Material,2015-06-23,Mercury Nashville,Country,http://cdn.albumoftheyear.org/album/2015/33025-pageant-material.jpg,13.322571414367
http://albumoftheyear.org/album/29250-kendrick-lamar-to-pimp-a-butterfly.php,94,91,90,100,80,100,90,80,100,,93,90,100,90,100,100,90,,100,90,Kendrick Lamar,http://albumoftheyear.org/artist/1881-kendrick-lamar/,To Pimp a Butterfly,2015-03-16,Aftermath / Interscope,Hip Hop,http://cdn.albumoftheyear.org/album/2015/29250-to-pimp-a-butterfly.jpg,6.74591379586016
http://albumoftheyear.org/album/37105-kurt-vile-blieve-im-goin-down.php,80,91,80,83,80,70,80,,70,78,84,80,83,70,80,85,,80,60,80,Kurt Vile,http://albumoftheyear.org/artist/1061-kurt-vile/,b'lieve i'm goin down,2015-09-25,Matador,Singer-Songwriter,http://cdn.albumoftheyear.org/album/2015/37105-blieve-im-goin-down.jpg,7.26393184730921
http://albumoftheyear.org/album/39167-lana-del-rey-honeymoon.php,75,,70,67,80,90,70,80,,,75,80,58,80,70,,85,,70,60,Lana Del Rey,http://albumoftheyear.org/artist/1969-lana-del-rey/,Honeymoon,2015-09-18,Interscope Polydor,Art Pop,http://cdn.albumoftheyear.org/album/2015/39167-honeymoon.jpg,8.21817872393035
http://albumoftheyear.org/album/25058-laura-marling-short-movie.php,81,75,70,75,80,80,80,80,80,89,74,90,83,70,80,,80,,,,Laura Marling,http://albumoftheyear.org/artist/196-laura-marling/,Short Movie,2015-03-23,Virgin EMI,Singer-Songwriter,http://cdn.albumoftheyear.org/album/2015/25058-short-movie.jpg,5.57636380926974
http://albumoftheyear.org/album/35390-low-ones-and-sixes.php,77,75,60,67,60,80,90,70,,81,78,70,,70,80,,75,80,80,75,Low,http://albumoftheyear.org/artist/664-low/,Ones and Sixes,2015-09-11,Sub Pop,Slowcore,http://cdn.albumoftheyear.org/album/2015/35390-ones-and-sixes.jpg,7.99973957909464
http://albumoftheyear.org/album/27029-lower-dens-escape-from-evil.php,75,,80,67,60,70,60,,80,65,83,80,75,70,,,85,,70,70,Lower Dens,http://albumoftheyear.org/artist/1434-lower-dens/,Escape From Evil,2015-03-31,Ribbon Music,Indie Rock,http://cdn.albumoftheyear.org/album/2015/27029-escape-from-evil.jpg,8.15104658553492
http://albumoftheyear.org/album/25218-madonna-rebel-heart.php,63,67,80,50,,70,70,50,,76,51,60,58,70,60,,65,,,,Madonna,http://albumoftheyear.org/artist/2269-madonna/,Rebel Heart,2015-03-10,Interscope,Electropop,http://cdn.albumoftheyear.org/album/2015/25218-rebel-heart.jpg,9.38668685479015
http://albumoftheyear.org/album/38980-majical-cloudz-are-you-alone.php,79,,90,83,80,80,,,80,,80,,67,70,80,90,80,60,,80,Majical Cloudz,http://albumoftheyear.org/artist/3638-majical-cloudz/,Are You Alone?,2015-10-16,Matador,NA,http://cdn.albumoftheyear.org/album/2015/38980-are-you-alone.jpg,8.39184585911091
http://albumoftheyear.org/album/29921-major-lazer-peace-is-the-mission.php,66,,80,,80,,,60,,,74,70,43,70,50,,,60,,60,Major Lazer,http://albumoftheyear.org/artist/698-major-lazer/,Peace Is the Mission,2015-06-01,Because / Mad Decent,Dancehall,http://cdn.albumoftheyear.org/album/2015/29921-peace-is-the-mission.jpg,12.2024587686253
http://albumoftheyear.org/album/23775-mark-ronson-uptown-special.php,70,91,70,58,80,80,70,70,40,88,60,50,67,70,60,,,,,70,Mark Ronson,http://albumoftheyear.org/artist/6019-mark-ronson/,Uptown Special,2015-01-13,Columbia,Funk,http://cdn.albumoftheyear.org/album/2015/23775-uptown-special.jpg,13.5565833594218
http://albumoftheyear.org/album/28053-metz-metz-ii.php,79,75,80,75,100,80,,80,70,,67,80,,70,80,80,85,80,,,Metz,http://albumoftheyear.org/artist/2607-metz/,II,2015-05-05,Sub Pop,Noise Rock,http://cdn.albumoftheyear.org/album/2015/28053-metz-ii.jpg,7.65755151716887
http://albumoftheyear.org/album/33410-miguel-wildheart.php,81,75,80,75,,,80,80,50,81,89,60,83,80,80,75,85,,,,Miguel,http://albumoftheyear.org/artist/2597-miguel/,Wildheart,2015-06-30,ByStorm RCA,Alternative R&B,http://cdn.albumoftheyear.org/album/2015/33410-wildheart.jpg,9.82319897463337
http://albumoftheyear.org/album/26754-mikal-cronin-mciii.php,72,75,80,75,,,70,80,,80,61,80,75,,60,80,80,,,70,Mikal Cronin,http://albumoftheyear.org/artist/2048-mikal-cronin/,MCIII,2015-05-05,Merge,Power Pop,http://cdn.albumoftheyear.org/album/2015/26754-mciii.jpg,7.07831647375025
http://albumoftheyear.org/album/40080-miley-cyrus-miley-cyrus-her-dead-petz.php,57,50,70,43,60,,,80,,,30,60,83,70,50,25,,,60,40,Miley Cyrus,http://albumoftheyear.org/artist/3456-miley-cyrus/,Miley Cyrus & Her Dead Petz,2015-08-30,Smiley Miley Inc.,Psychedelic Pop,http://cdn.albumoftheyear.org/album/2015/40080-miley-cyrus-her-dead-petz.jpg,17.3596939592544
http://albumoftheyear.org/album/24854-modest-mouse-strangers-to-ourselves.php,69,83,60,75,80,70,80,70,,70,64,60,75,70,50,65,70,60,50,70,Modest Mouse,http://albumoftheyear.org/artist/495-modest-mouse/,Strangers to Ourselves,2015-03-17,Epic,Indie Rock,http://cdn.albumoftheyear.org/album/2015/24854-strangers-to-ourselves.jpg,9.3823990410079
http://albumoftheyear.org/album/28773-mumford-sons-wilder-mind.php,52,50,50,67,80,40,40,80,30,69,20,30,18,70,50,65,,,,60,Mumford & Sons,http://albumoftheyear.org/artist/863-mumford-sons/,Wilder Mind,2015-05-04,Glassnote,Pop Rock,http://cdn.albumoftheyear.org/album/2015/28773-wilder-mind.jpg,19.9923943871997
http://albumoftheyear.org/album/29254-muse-drones.php,53,,70,50,,40,70,70,20,58,45,50,,80,50,,,,,20,Muse,http://albumoftheyear.org/artist/611-muse/,Drones,2015-06-08,Warner Bros. Helium-3,Alternative Rock,http://cdn.albumoftheyear.org/album/2015/29254-drones.jpg,16.3392073543883
http://albumoftheyear.org/album/28842-my-morning-jacket-the-waterfall.php,75,75,60,75,60,70,70,,,,79,70,91,70,,75,80,80,,85,My Morning Jacket,http://albumoftheyear.org/artist/238-my-morning-jacket/,The Waterfall,2015-05-04,ATO,Indie Rock,http://cdn.albumoftheyear.org/album/2015/28842-the-waterfall.jpg,8.05475765489694
http://albumoftheyear.org/album/24227-natalie-prass-natalie-prass.php,84,83,70,91,,90,90,,80,84,83,70,83,70,,,90,,,90,Natalie Prass,http://albumoftheyear.org/artist/9968-natalie-prass/,Natalie Prass,2015-01-27,Spacebomb,Chamber Pop,http://cdn.albumoftheyear.org/album/2015/24227-natalie-prass.jpg,7.74431139445974
http://albumoftheyear.org/album/33145-neil-young-promise-of-the-real-the-monsanto-years.php,63,50,70,50,,,,80,,92,52,70,,60,50,,55,80,40,75,Neil Young & Promise of the Real,http://albumoftheyear.org/artist/14873-neil-young-promise-of-the-real/,The Monsanto Years,2015-06-29,Reprise,Folk Rock,http://cdn.albumoftheyear.org/album/2015/33145-the-monsanto-years.jpg,15.1196085962092
http://albumoftheyear.org/album/35446-new-order-music-complete.php,74,75,60,91,40,70,80,,,,72,70,,70,,,75,80,,80,New Order,http://albumoftheyear.org/artist/3159-new-order/,Music Complete,2015-09-25,Mute,Alternative Dance,http://cdn.albumoftheyear.org/album/2015/35446-music-complete.jpg,12.3837014097587
http://albumoftheyear.org/album/21752-noel-gallaghers-high-flying-birds-chasing-yesterday.php,66,67,80,58,60,70,60,70,,,59,50,50,70,,,70,60,,,Noel Gallagher's High Flying Birds,http://albumoftheyear.org/artist/1856-noel-gallaghers-high-flying-birds/,Chasing Yesterday,2015-03-02,Sour Mash,Alternative Rock,http://cdn.albumoftheyear.org/album/2015/21752-chasing-yesterday.jpg,8.37316488013285
http://albumoftheyear.org/album/39602-oneohtrix-point-never-garden-of-delete.php,81,,80,91,60,,,,60,,87,70,,,80,90,85,80,90,80,Oneohtrix Point Never,http://albumoftheyear.org/artist/1405-oneohtrix-point-never/,Garden of Delete,2015-11-13,Warp,Electronic,http://cdn.albumoftheyear.org/album/2015/39602-garden-of-delete.jpg,10.8418381534431
http://albumoftheyear.org/album/22161-panda-bear-panda-bear-meets-the-grim-reaper.php,81,67,90,75,80,70,80,,70,85,87,80,83,,80,85,80,80,60,85,Panda Bear,http://albumoftheyear.org/artist/468-panda-bear/,Panda Bear Meets the Grim Reaper,2015-01-13,Domino,Psychedelic Pop,http://cdn.albumoftheyear.org/album/2015/22161-panda-bear-meets-the-grim-reaper.jpg,7.74644130818639
http://albumoftheyear.org/album/27040-passion-pit-kindred.php,71,83,80,75,80,70,70,70,60,70,68,,75,50,70,,70,,,80,Passion Pit,http://albumoftheyear.org/artist/260-passion-pit/,Kindred,2015-04-21,Columbia,Synthpop,http://cdn.albumoftheyear.org/album/2015/27040-kindred.jpg,8.08172541690731
http://albumoftheyear.org/album/26071-purity-ring-another-eternity.php,68,67,80,75,60,70,50,70,,90,66,80,67,70,60,55,60,40,,65,Purity Ring,http://albumoftheyear.org/artist/2353-purity-ring/,Another Eternity,2015-03-03,4AD,Synthpop,http://cdn.albumoftheyear.org/album/2015/26071-another-eternity.jpg,11.8898127427989
http://albumoftheyear.org/album/33409-ratatat-magnifique.php,69,83,80,83,,70,70,,,,50,70,67,60,,80,70,60,,50,Ratatat,http://albumoftheyear.org/artist/1165-ratatat/,Magnifique,2015-07-17,XL,Indietronica,http://cdn.albumoftheyear.org/album/2015/33409-magnifique.jpg,9.77962298051544
http://albumoftheyear.org/album/28913-shamir-ratchet.php,79,,80,67,80,,,80,,,83,80,83,60,90,80,80,,90,70,Shamir,http://albumoftheyear.org/artist/6824-shamir/,Ratchet,2015-05-19,XL,Electropop,http://cdn.albumoftheyear.org/album/2015/28913-ratchet.jpg,8.07814398586769
http://albumoftheyear.org/album/22064-sleater-kinney-no-cities-to-love.php,90,91,90,91,100,90,100,90,90,90,87,90,91,80,90,85,90,100,,85,Sleater-Kinney,http://albumoftheyear.org/artist/518-sleater-kinney/,No Cities to Love,2015-01-20,Sub Pop,Indie Rock,http://cdn.albumoftheyear.org/album/2015/22064-no-cities-to-love.jpg,4.99705795796828
http://albumoftheyear.org/album/26429-speedy-ortiz-foil-deer.php,79,75,80,83,100,80,70,90,90,81,79,80,83,70,70,,85,,,60,Speedy Ortiz,http://albumoftheyear.org/artist/4040-speedy-ortiz/,Foil Deer,2015-04-21,Carpark,Indie Rock,http://cdn.albumoftheyear.org/album/2015/26429-foil-deer.jpg,7.98722939030383
http://albumoftheyear.org/album/26035-sufjan-stevens-carrie-lowell.php,90,100,80,100,80,90,90,90,90,95,93,60,100,80,80,95,85,80,100,85,Sufjan Stevens,http://albumoftheyear.org/artist/517-sufjan-stevens/,Carrie & Lowell,2015-03-31,Asthmatic Kitty,Indie Folk,http://cdn.albumoftheyear.org/album/2015/26035-carrie-lowell.jpg,10.0832789617209
http://albumoftheyear.org/album/28148-sun-kil-moon-universal-themes.php,72,91,80,91,,80,70,80,,84,60,80,75,,80,55,35,80,60,45,Sun Kil Moon,http://albumoftheyear.org/artist/318-sun-kil-moon/,Universal Themes,2015-06-02,Caldo Verde,Singer-Songwriter,http://cdn.albumoftheyear.org/album/2015/28148-universal-themes.jpg,14.5635103369117
http://albumoftheyear.org/album/32344-tame-impala-currents.php,84,83,60,91,80,80,70,80,90,94,93,80,83,70,90,90,85,100,40,80,Tame Impala,http://albumoftheyear.org/artist/1234-tame-impala/,Currents,2015-07-17,Interscope,Psychedelic Pop,http://cdn.albumoftheyear.org/album/2015/32344-currents.jpg,13.7783201176035
http://albumoftheyear.org/album/31871-the-chemical-brothers-born-in-the-echoes.php,70,,80,75,,60,70,80,,,78,70,,60,60,,70,,70,80,The Chemical Brothers,http://albumoftheyear.org/artist/926-the-chemical-brothers/,Born in the Echoes,2015-07-17,Astralwerks,Electronic,http://cdn.albumoftheyear.org/album/2015/31871-born-in-the-echoes-1.jpg,7.31281564975302
http://albumoftheyear.org/album/38979-the-dead-weather-dodge-burn.php,73,75,80,83,,80,60,60,,73,73,,,70,80,60,,,,60,The Dead Weather,http://albumoftheyear.org/artist/335-the-dead-weather/,Dodge and Burn,2015-09-25,Third Man,Garage Rock,http://cdn.albumoftheyear.org/album/2015/38979-dodge-burn.jpg,8.31346115427482
http://albumoftheyear.org/album/22608-the-decemberists-what-a-terrible-world-what-a-beautiful-world.php,72,75,80,67,80,80,80,,40,76,56,80,67,80,70,80,70,60,,60,The Decemberists,http://albumoftheyear.org/artist/337-the-decemberists/,What a Terrible World What a Beautiful World,2015-01-20,Capitol,Indie Folk,http://cdn.albumoftheyear.org/album/2015/22608-what-a-terrible-world-what-a-beautiful-world.jpg,11.0337050467567
http://albumoftheyear.org/album/25752-the-go-team-the-scene-between.php,73,91,80,58,60,,,70,,,72,60,83,50,80,75,75,80,,,The Go! Team,http://albumoftheyear.org/artist/542-the-go-team/,The Scene Between,2015-03-24,Memphis Industries,Indietronica,http://cdn.albumoftheyear.org/album/2015/25752-the-scene-between.jpg,11.3168647854178
http://albumoftheyear.org/album/36061-the-libertines-anthems-for-doomed-youth.php,69,,70,50,60,70,80,70,30,,77,70,75,70,60,,45,,,75,The Libertines,http://albumoftheyear.org/artist/648-the-libertines/,Anthems for Doomed Youth,2015-09-11,Virgin EMI,Garage Rock,http://cdn.albumoftheyear.org/album/2015/36061-anthems-for-doomed-youth.jpg,13.856406460551
http://albumoftheyear.org/album/26422-the-mountain-goats-beat-the-champ.php,74,75,80,75,40,80,,,70,75,66,80,83,70,80,,80,80,,65,The Mountain Goats,http://albumoftheyear.org/artist/567-the-mountain-goats/,Beat the Champ,2015-04-07,Merge,Singer-Songwriter,http://cdn.albumoftheyear.org/album/2015/26422-beat-the-champ.jpg,10.5279672889925
http://albumoftheyear.org/album/27653-the-tallest-man-on-earth-dark-bird-is-home.php,72,67,70,75,60,80,,,70,85,67,80,75,,,80,70,40,,75,The Tallest Man On Earth,http://albumoftheyear.org/artist/369-the-tallest-man-on-earth/,Dark Bird Is Home,2015-05-12,Dead Oceans,Folk,http://cdn.albumoftheyear.org/album/2015/27653-dark-bird-is-home.jpg,11.053565880806
http://albumoftheyear.org/album/36446-the-weeknd-beauty-behind-the-madness.php,72,75,60,75,,80,,70,,,72,60,67,70,70,85,50,,,,The Weeknd,http://albumoftheyear.org/artist/1647-the-weeknd/,Beauty Behind the Madness,2015-08-28,XO Republic,R&B,http://cdn.albumoftheyear.org/album/2015/36446-beauty-behind-the-madness.jpg,9.08647910711858
http://albumoftheyear.org/album/32265-titus-andronicus-the-most-lamentable-tragedy.php,82,83,80,100,40,90,,70,80,91,81,70,91,70,80,90,90,80,100,80,Titus Andronicus,http://albumoftheyear.org/artist/386-titus-andronicus/,The Most Lamentable Tragedy,2015-07-28,Merge,Indie Rock,http://cdn.albumoftheyear.org/album/2015/32265-the-most-lamentable-tragedy.jpg,13.746538482885
http://albumoftheyear.org/album/25232-tobias-jesso-jr-goon.php,77,83,70,91,80,,,80,,90,85,60,75,70,60,80,80,,,,Tobias Jesso Jr.,http://albumoftheyear.org/artist/10519-tobias-jesso-jr/,Goon,2015-03-17,True Panther,Singer-Songwriter,http://cdn.albumoftheyear.org/album/2015/25232-goon.jpg,9.52873041368593
http://albumoftheyear.org/album/26331-toro-y-moi-what-for.php,71,67,90,50,60,80,70,70,70,,66,70,67,,70,75,80,60,,70,Toro Y Moi,http://albumoftheyear.org/artist/1275-toro-y-moi/,What For?,2015-04-07,Carpark,Psychedelic Pop,http://cdn.albumoftheyear.org/album/2015/26331-what-for.jpg,9.16151370316791
http://albumoftheyear.org/album/26855-torres-sprinter.php,81,,70,91,80,80,80,80,80,92,80,90,83,70,,85,90,,,60,Torres,http://albumoftheyear.org/artist/3193-torres/,Sprinter,2015-05-05,Partisan,Singer-Songwriter,http://cdn.albumoftheyear.org/album/2015/26855-sprinter.jpg,6.71742581081544
http://albumoftheyear.org/album/24571-twin-shadow-eclipse.php,60,,70,67,60,50,60,,30,80,49,70,33,60,80,,,,80,65,Twin Shadow,http://albumoftheyear.org/artist/1348-twin-shadow/,Eclipse,2015-03-17,Warner Bros.,Synthpop,http://cdn.albumoftheyear.org/album/2015/24571-eclipse.jpg,15.9161608380971
http://albumoftheyear.org/album/30899-tyler-the-creator-cherry-bomb.php,67,58,70,67,,,,80,,,67,60,,70,60,60,,60,,,Tyler the Creator,http://albumoftheyear.org/artist/1471-tyler-the-creator/,Cherry Bomb,2015-04-13,Odd Future,Hip Hop,http://cdn.albumoftheyear.org/album/2015/30899-cherry-bomb.jpg,6.59200617828484
http://albumoftheyear.org/album/27362-unknown-mortal-orchestra-multi-love.php,80,,70,83,80,70,80,90,80,86,71,60,83,70,80,85,90,,,85,Unknown Mortal Orchestra,http://albumoftheyear.org/artist/1832-unknown-mortal-orchestra/,Multi-Love,2015-05-26,Jagjaguwar,Psychedelic Pop,http://cdn.albumoftheyear.org/album/2015/27362-multi-love.jpg,8.28552955459094
http://albumoftheyear.org/album/23647-viet-cong-viet-cong.php,81,,80,67,80,80,70,80,80,,85,80,91,60,80,90,85,80,80,,Viet Cong,http://albumoftheyear.org/artist/5313-viet-cong/,Viet Cong,2015-01-20,Jagjaguwar,Post-Punk,http://cdn.albumoftheyear.org/album/2015/23647-viet-cong.jpg,7.63987218864449
http://albumoftheyear.org/album/32579-vince-staples-summertime-06.php,86,100,80,83,,,,,90,,88,80,91,70,90,85,,,60,85,Vince Staples,http://albumoftheyear.org/artist/7968-vince-staples/,Summertime '06,2015-06-30,Blacksmith Artium Def Jam,Hip Hop,http://cdn.albumoftheyear.org/album/2015/32579-summertime-06-1.jpg,10.4486478754068
http://albumoftheyear.org/album/26036-waxahatchee-ivy-tripp.php,81,83,80,75,80,,80,80,50,86,81,80,91,70,80,85,80,80,80,75,Waxahatchee,http://albumoftheyear.org/artist/3336-waxahatchee/,Ivy Tripp,2015-04-07,Merge,Singer-Songwriter,http://cdn.albumoftheyear.org/album/2015/26036-ivy-tripp.jpg,8.40168050416806
http://albumoftheyear.org/album/36854-wilco-star-wars.php,80,83,80,83,,90,80,,,80,77,70,83,90,70,,75,,,85,Wilco,http://albumoftheyear.org/artist/405-wilco/,Star Wars,2015-07-16,dBPM,Indie Rock,http://cdn.albumoftheyear.org/album/2015/36854-star-wars.jpg,6.19760085922419
http://albumoftheyear.org/album/23495-will-butler-policy.php,71,83,60,58,80,,70,70,,73,66,60,75,60,80,70,70,,,75,Will Butler,http://albumoftheyear.org/artist/9619-will-butler/,Policy,2015-03-10,Merge,Indie Rock,http://cdn.albumoftheyear.org/album/2015/23495-policy.jpg,7.85099326442809
http://albumoftheyear.org/album/29565-wolf-alice-my-love-is-cool.php,80,,70,67,100,90,90,,,,74,80,83,70,,75,80,80,,90,Wolf Alice,http://albumoftheyear.org/artist/6840-wolf-alice/,My Love is Cool,2015-06-22,Dirty Hit,Indie Rock,http://cdn.albumoftheyear.org/album/2015/29565-my-love-is-cool.jpg,9.3046721101242
http://albumoftheyear.org/album/27288-young-fathers-white-men-are-black-too.php,81,,80,58,80,90,90,70,,,68,90,,,80,90,85,100,,,Young Fathers,http://albumoftheyear.org/artist/3233-young-fathers/,White Men Are Black Men Too,2015-04-07,Big Dada,Hip Hop,http://cdn.albumoftheyear.org/album/2015/27288-white-men-are-black-too.jpg,11.2426614241218
